Rk,Player,Pos,Age,Tm,MP,FG,FGA,FT,FTA,PF,PTS
373,A.J. Price,PG,28,PHO,44,3,14,0,0,5,6
63,Aaron Brooks,PG,30,CHI,1885,344,817,145,174,189,954
176,Aaron Gordon,PF,19,ORL,797,93,208,44,61,83,243
362,Adreian Payne,PF,23,MIN,720,89,213,29,44,84,208
222,Al Horford,C,28,ATL,2318,519,965,107,141,121,1156
236,Al Jefferson,C,30,CHO,1992,486,1010,108,165,139,1082
12,Al-Farouq Aminu,SF,24,DAL,1366,147,357,84,118,137,412
15,Alan Anderson,SG,32,BRK,1744,195,440,82,101,148,545
72,Alec Burks,SG,23,UTA,899,121,300,106,129,64,374
264,Alex Kirk,C,23,CLE,14,1,4,2,2,1,4
279,Alex Len,C,21,PHO,1518,179,353,73,104,213,432
408,Alexey Shved,SG,26,NYK,423,73,181,64,82,25,236
6,Alexis Ajinca,C,26,NOP,957,181,329,81,99,151,443
106,Allen Crabbe,SG,22,POR,683,63,153,12,16,74,168
169,Alonzo Gee,SF,27,POR,151,21,49,6,12,16,51
427,Amar'e Stoudemire,PF,32,DAL,380,104,179,40,59,50,248
243,Amir Johnson,PF,27,TOR,1979,298,519,79,129,225,694
453,Anderson Varejao,C,32,CLE,636,111,200,33,45,58,255
120,Andre Dawkins,SG,23,MIA,22,1,6,0,0,3,3
135,Andre Drummond,C,21,DET,2502,494,961,142,365,285,1130
228,Andre Iguodala,SG,31,GSW,2069,231,496,68,114,100,604
318,Andre Miller,PG,38,SAC,622,68,148,30,38,47,172
386,Andre Roberson,SG,23,OKC,1286,92,201,23,48,141,228
31,Andrea Bargnani,C,29,NYK,785,164,361,87,107,53,430
263,Andrei Kirilenko,SF,33,BRK,36,0,5,3,4,1,3
55,Andrew Bogut,C,30,GSW,1583,200,355,22,42,188,422
342,Andrew Nicholson,PF,25,ORL,492,83,190,15,25,51,194
473,Andrew Wiggins,SG,19,MIN,2969,497,1137,354,466,190,1387
45,Anthony Bennett,PF,21,MIN,894,125,297,41,64,87,298
117,Anthony Davis,PF,21,NOP,2455,642,1199,371,461,141,1656
333,Anthony Morrow,SG,29,OKC,1806,285,615,79,89,135,790
445,Anthony Tolliver,PF,29,DET,1160,135,319,50,63,117,402
175,Archie Goodwin,SG,20,PHO,535,79,201,61,83,55,231
353,Arinze Onuaku,C,27,MIN,68,12,14,3,8,6,27
39,Aron Baynes,C,28,SAS,1122,185,327,90,104,162,461
5,Arron Afflalo,SG,29,POR,752,94,227,40,47,59,264
121,Austin Daye,SF,26,ATL,76,10,26,1,2,9,26
385,Austin Rivers,PG,22,LAC,791,117,274,32,55,81,291
60,Avery Bradley,SG,24,BOS,2428,434,1012,79,100,177,1071
177,Ben Gordon,SG,31,ORL,790,129,295,56,67,60,349
311,Ben McLemore,SG,21,SAC,2670,363,831,130,160,219,996
451,Beno Udrih,PG,32,MEM,1494,246,505,87,102,88,605
234,Bernard James,C,29,DAL,158,12,27,20,23,17,44
48,Bismack Biyombo,C,22,CHO,1243,101,186,102,175,140,304
190,Blake Griffin,PF,25,LAC,2356,574,1144,311,427,196,1469
54,Bojan Bogdanovic,SF,25,BRK,1854,261,576,87,106,104,700
126,Boris Diaw,PF,32,SAS,1984,291,632,72,93,148,708
41,Bradley Beal,SG,21,WAS,2107,363,851,130,166,136,962
485,Brandan Wright,PF,27,PHO,858,120,207,40,60,54,280
36,Brandon Bass,PF,29,BOS,1929,344,683,169,214,140,866
116,Brandon Davies,PF,23,BRK,44,6,18,3,4,5,16
240,Brandon Jennings,PG,25,DET,1173,218,543,120,143,64,632
265,Brandon Knight,SG,23,PHO,347,51,143,24,29,21,147
396,Brandon Rush,SG,29,GSW,271,11,54,5,11,27,30
207,Brendan Haywood,C,35,CLE,119,14,30,7,13,17,35
387,Brian Roberts,PG,29,CHO,1330,176,452,66,74,75,480
286,Brook Lopez,C,26,BRK,2100,506,987,223,274,206,1236
78,Bruno Caboclo,SF,19,TOR,23,4,12,0,0,3,10
103,Bryce Cotton,PG,22,UTA,159,29,69,15,18,6,80
306,C.J. McCollum,SG,23,POR,973,159,365,51,73,81,424
317,C.J. Miles,SG,27,IND,1841,329,827,130,161,132,942
465,C.J. Watson,PG,30,IND,1422,181,417,138,167,107,570
474,C.J. Wilcox,SG,24,LAC,101,16,38,2,2,7,41
28,Cameron Bairstow,PF,24,CHI,64,3,14,4,5,8,10
270,Carl Landry,PF,31,SAC,1192,190,369,123,150,132,503
58,Carlos Boozer,PF,33,LAL,1692,371,743,94,150,184,836
19,Carmelo Anthony,SF,30,NYK,1428,358,806,189,237,87,966
73,Caron Butler,SF,34,DET,1623,161,396,55,61,120,460
297,Cartier Martin,SF,30,DET,198,15,53,0,0,20,36
359,Chandler Parsons,SF,26,DAL,2186,383,829,139,193,140,1037
161,Channing Frye,PF,31,ORL,1870,191,487,31,35,191,549
455,Charlie Villanueva,PF,30,DAL,678,150,362,20,35,64,403
69,Chase Budinger,SF,26,MIN,1286,169,390,67,81,72,457
14,Chris Andersen,C,36,MIA,1132,120,207,76,114,88,320
59,Chris Bosh,C,30,MIA,1556,343,745,179,232,69,928
102,Chris Copeland,SF,30,IND,828,112,310,33,45,78,309
131,Chris Douglas-Roberts,SG,28,LAC,103,5,21,8,8,14,19
244,Chris Johnson,SF,24,MIL,128,12,30,2,2,7,31
257,Chris Kaman,C,32,POR,1398,283,549,72,102,140,638
361,Chris Paul,PG,29,LAC,2857,568,1170,289,321,203,1564
205,Chuck Hayes,C,31,TOR,255,22,46,6,11,37,50
140,Cleanthony Early,SF,23,NYK,647,76,214,36,48,57,210
83,Clint Capela,C,20,HOU,90,14,29,4,23,14,32
491,Cody Zeller,C,22,CHO,1487,172,373,127,164,156,472
8,Cole Aldrich,C,26,NYK,976,144,301,50,64,122,338
62,Corey Brewer,SF,28,HOU,1407,249,580,113,148,111,666
237,Cory Jefferson,PF,24,BRK,531,75,167,31,54,61,183
256,Cory Joseph,PG,23,SAS,1444,207,411,105,143,105,535
276,Courtney Lee,SG,29,MEM,2354,288,643,111,129,129,777
25,D.J. Augustin,PG,27,OKC,677,69,186,31,36,32,203
250,Dahntay Jones,SF,34,LAC,123,6,21,9,11,23,21
283,Damian Lillard,PG,24,POR,2925,590,1360,344,398,164,1720
395,Damjan Rudez,SF,28,IND,1047,119,263,16,23,79,323
162,Danilo Gallinari,SF,26,DEN,1426,228,568,171,191,94,734
181,Danny Granger,SF,31,MIA,613,65,162,28,37,67,188
183,Danny Green,SG,27,SAS,2312,322,738,111,127,163,946
109,Dante Cunningham,PF,27,NOP,1652,155,339,29,47,101,340
148,Dante Exum,PG,19,UTA,1817,145,416,20,32,147,393
319,Darius Miller,SF,24,NOP,43,1,7,0,0,8,2
330,Darius Morris,PG,24,BRK,299,36,106,4,9,20,83
23,Darrell Arthur,PF,26,DEN,988,155,384,46,59,146,382
98,Darren Collison,PG,27,SAC,1565,260,550,145,184,95,725
277,David Lee,PF,31,GSW,904,160,313,68,104,83,388
425,David Stockton,PG,23,SAC,33,2,6,3,6,1,8
466,David Wear,PF,24,SAC,7,0,2,0,0,1,0
469,David West,PF,34,IND,1895,323,686,119,161,160,769
254,DeAndre Jordan,C,26,LAC,2820,379,534,187,471,245,946
50,DeJuan Blair,PF,25,WAS,180,26,57,4,6,41,56
125,DeMar DeRozan,SG,25,TOR,2100,409,990,361,434,122,1204
104,DeMarcus Cousins,C,24,SAC,2013,498,1066,423,541,241,1421
84,DeMarre Carroll,SF,28,ATL,2189,318,653,127,181,154,883
401,Dennis Schroder,PG,21,ATL,1516,284,665,148,179,127,768
475,Deron Williams,PG,30,BRK,2114,298,771,201,241,157,884
152,Derrick Favors,PF,23,UTA,2280,482,918,222,332,210,1187
392,Derrick Rose,PG,26,CHI,1530,338,835,152,187,63,904
476,Derrick Williams,PF,23,SAC,1462,217,485,134,196,67,617
199,Devin Harris,PG,31,DAL,1685,219,524,132,162,147,665
294,Devyn Marble,SG,22,ORL,208,14,44,5,16,14,37
122,Dewayne Dedmon,C,25,ORL,845,91,162,34,64,141,216
459,Dion Waiters,SG,23,OKC,1422,237,604,70,112,96,595
347,Dirk Nowitzki,PF,36,DAL,2282,487,1062,255,289,160,1333
411,Donald Sloan,PG,27,IND,1107,145,355,60,77,47,391
334,Donatas Motiejunas,PF,24,HOU,2037,353,700,100,166,203,855
486,Dorell Wright,SF,29,POR,592,72,190,34,42,55,219
308,Doug McDermott,SF,23,CHI,321,43,107,10,15,29,109
184,Draymond Green,PF,24,GSW,2490,339,765,132,200,253,921
174,Drew Gooden,PF,33,WAS,864,110,276,34,44,91,277
178,Drew Gordon,PF,24,PHI,71,8,19,1,2,7,17
76,Dwight Buycks,PG,25,LAL,123,18,40,9,10,3,52
223,Dwight Howard,C,29,HOU,1223,251,423,143,271,137,646
371,Dwight Powell,PF,23,DAL,227,27,62,24,31,39,81
458,Dwyane Wade,SG,33,MIA,1971,509,1084,284,370,105,1331
328,E'Twaun Moore,SG,25,CHI,504,62,139,12,20,45,149
34,Earl Barron,C,33,PHO,143,12,39,6,12,26,32
93,Earl Clark,PF,27,BRK,93,11,30,1,4,12,27
118,Ed Davis,PF,25,LAL,1840,282,469,92,189,202,656
450,Ekpe Udoh,PF,27,LAC,128,11,24,7,9,20,29
363,Elfrid Payton,PG,20,ORL,2489,301,708,118,214,193,731
323,Elijah Millsap,SG,27,UTA,924,81,238,58,86,124,248
477,Elliot Williams,SG,25,NOP,77,8,24,0,2,11,19
61,Elton Brand,PF,35,ATL,486,42,95,12,23,54,96
258,Enes Kanter,C,22,OKC,809,196,346,90,116,75,485
52,Eric Bledsoe,PG,25,PHO,2800,468,1046,353,441,189,1377
179,Eric Gordon,SG,26,NOP,2018,285,694,107,133,145,818
329,Eric Moreland,PF,23,SAC,2,1,1,0,0,1,2
185,Erick Green,PG,23,DEN,410,61,162,10,12,26,146
229,Ersan Ilyasova,PF,27,MIL,1319,263,557,69,107,149,669
155,Evan Fournier,SG,22,ORL,1661,253,575,107,147,116,698
449,Evan Turner,SG,26,BOS,2260,320,746,106,141,180,779
149,Festus Ezeli,C,25,GSW,504,76,139,49,78,77,201
164,Francisco Garcia,SF,33,HOU,200,17,63,1,4,20,45
7,Furkan Aldemir,PF,23,PHI,540,40,78,13,27,96,93
315,Gal Mekel,PG,26,NOP,43,3,20,0,0,1,6
434,Garrett Temple,SG,28,WAS,735,68,170,35,48,76,204
200,Gary Harris,SG,20,DEN,719,66,217,35,47,71,188
340,Gary Neal,SG,30,MIN,262,45,105,29,33,18,130
214,George Hill,PG,28,IND,1267,255,535,113,143,111,692
186,Gerald Green,SG,29,PHO,1446,324,778,99,120,145,884
208,Gerald Henderson,SG,27,CHO,2315,370,847,184,217,135,969
463,Gerald Wallace,SF,32,BOS,286,14,34,6,15,19,35
18,Giannis Antetokounmpo,SG,20,MIL,2541,383,780,257,347,254,1030
119,Glen Davis,PF,29,LAC,904,117,255,60,95,132,294
382,Glen Rice,SG,24,WAS,43,3,15,4,6,11,11
390,Glenn Robinson III,SF,21,PHI,153,18,43,4,8,10,44
132,Goran Dragic,PG,28,MIA,905,162,323,84,104,75,432
206,Gordon Hayward,SF,24,UTA,2618,484,1087,375,462,131,1463
127,Gorgui Dieng,C,25,MIN,2193,259,512,191,244,188,710
242,Grant Jerrett,PF,21,UTA,26,4,9,1,1,4,9
327,Greg Monroe,PF,24,DET,2137,423,853,252,336,148,1098
413,Greg Smith,PF,24,DAL,363,30,49,20,39,53,80
424,Greg Stiemsma,C,29,TOR,66,6,8,2,4,15,14
454,Greivis Vasquez,PG,28,TOR,1991,296,725,50,66,177,775
32,Harrison Barnes,SF,22,GSW,2318,316,656,108,150,146,827
471,Hassan Whiteside,C,25,MIA,1142,243,387,78,156,129,564
448,Hedo Turkoglu,SF,35,LAC,705,83,188,6,11,66,232
409,Henry Sims,C,24,PHI,1399,238,502,106,137,135,586
460,Henry Walker,SF,27,MIA,628,58,168,14,18,76,175
440,Hollis Thompson,SG,23,PHI,1776,224,543,63,89,141,626
94,Ian Clark,SG,23,DEN,31,4,11,4,4,8,13
293,Ian Mahinmi,C,28,IND,1146,117,212,31,102,172,265
407,Iman Shumpert,SG,24,CLE,920,105,256,18,27,71,272
82,Isaiah Canaan,PG,23,PHI,569,93,247,33,39,55,278
436,Isaiah Thomas,PG,25,BOS,545,117,285,118,137,45,400
414,Ish Smith,PG,26,PHI,677,128,322,28,48,38,301
30,J.J. Barea,PG,30,DAL,1362,225,536,76,94,104,580
212,J.J. Hickson,C,26,DEN,1411,218,459,116,201,136,552
381,J.J. Redick,SG,30,LAC,2409,447,938,183,203,134,1277
415,J.R. Smith,SG,29,CLE,1461,214,504,27,33,119,586
399,JaKarr Sampson,SF,21,PHI,1131,146,346,63,94,135,386
187,JaMychal Green,PF,24,MEM,139,23,40,8,10,19,54
310,JaVale McGee,C,27,PHI,61,8,18,2,4,2,18
64,Jabari Brown,SG,22,LAL,568,70,170,64,85,33,227
357,Jabari Parker,SF,19,MIL,738,129,263,46,66,42,308
101,Jack Cooley,PF,23,UTA,87,9,22,9,21,23,27
108,Jae Crowder,SF,24,BOS,1382,196,469,99,130,111,539
157,Jamaal Franklin,SG,23,DEN,13,1,2,0,0,4,3
107,Jamal Crawford,SG,34,LAC,1703,332,839,227,252,108,1010
341,Jameer Nelson,PG,32,DEN,702,135,300,11,19,70,327
143,James Ennis,SF,24,MIA,1051,101,247,79,94,89,312
197,James Harden,SG,25,HOU,2981,647,1470,715,824,208,2217
245,James Johnson,PF,27,TOR,1370,238,404,67,102,155,554
251,James Jones,SF,34,CLE,669,74,201,39,46,67,250
304,James Michael McAdoo,PF,22,GSW,137,24,44,14,25,21,62
488,James Young,SG,19,BOS,332,36,102,16,29,22,105
356,Jannero Pargo,PG,35,CHO,73,15,35,2,2,8,41
110,Jared Cunningham,SG,23,LAC,89,12,33,7,13,12,35
136,Jared Dudley,SG,29,MIL,1717,198,423,48,67,113,518
429,Jared Sullinger,PF,22,BOS,1566,311,708,96,129,153,770
426,Jarnell Stokes,PF,21,MEM,126,21,37,15,28,25,57
232,Jarrett Jack,PG,31,BRK,2241,359,817,200,227,143,957
301,Jason Maxiell,PF,31,CHO,878,81,192,41,71,96,203
383,Jason Richardson,SG,34,PHI,416,62,178,17,22,28,172
416,Jason Smith,C,28,NYK,1785,257,592,127,153,205,656
435,Jason Terry,SG,37,HOU,1641,188,446,39,48,116,541
441,Jason Thompson,PF,28,SAC,1991,201,428,89,143,239,491
4,Jeff Adrien,PF,28,MIN,215,19,44,22,38,30,60
26,Jeff Ayres,PF,27,SAS,383,55,95,27,36,60,137
188,Jeff Green,SF,28,MEM,1361,210,492,118,143,81,588
431,Jeff Teague,PG,26,ATL,2228,408,887,275,319,139,1162
483,Jeff Withey,C,24,NOP,259,32,64,34,50,26,98
430,Jeffery Taylor,SF,25,CHO,430,45,114,26,41,36,127
182,Jerami Grant,SF,20,PHI,1377,124,352,114,193,144,411
312,Jerel McNeal,PG,27,PHO,36,3,11,2,2,5,9
145,Jeremy Evans,SF,27,UTA,266,32,58,24,29,29,90
269,Jeremy Lamb,SG,22,OKC,633,104,250,49,55,52,295
284,Jeremy Lin,PG,26,LAL,1907,277,654,213,268,189,832
255,Jerome Jordan,C,28,BRK,383,50,94,38,44,58,138
44,Jerrelle Benimon,PF,23,UTA,3,0,0,0,0,0,0
38,Jerryd Bayless,PG,26,MIL,1717,220,516,121,137,163,598
159,Jimmer Fredette,PG,25,NOP,509,63,166,43,45,43,178
74,Jimmy Butler,SG,25,CHI,2513,421,912,386,463,108,1301
343,Joakim Noah,C,29,CHI,2049,190,427,105,174,203,485
314,Jodie Meeks,SG,27,DET,1462,222,534,145,160,76,663
201,Joe Harris,SG,23,CLE,493,48,120,9,15,62,136
230,Joe Ingles,SF,27,UTA,1673,147,354,30,40,124,396
246,Joe Johnson,SG,33,BRK,2791,446,1025,141,176,120,1154
20,Joel Anthony,C,32,DET,406,36,62,15,22,55,87
160,Joel Freeland,C,27,POR,617,74,151,21,25,93,169
129,Joey Dorsey,PF,31,HOU,854,80,145,24,83,157,184
272,Joffrey Lauvergne,C,23,DEN,268,36,89,18,28,43,93
210,John Henson,C,24,MIL,1228,196,346,78,137,152,470
239,John Jenkins,SG,23,ATL,297,49,99,16,19,15,135
291,John Lucas III,PG,32,DET,272,42,104,5,5,18,98
398,John Salmons,SF,35,NOP,270,16,48,2,4,25,42
462,John Wall,PG,24,WAS,2837,519,1166,284,362,180,1387
349,Johnny O'Bryant,PF,21,MIL,368,44,120,12,27,44,100
282,Jon Leuer,PF,25,MEM,824,121,273,37,59,86,286
241,Jonas Jerebko,PF,27,BOS,527,78,181,25,30,58,207
452,Jonas Valanciunas,C,22,TOR,2096,373,652,217,276,222,963
2,Jordan Adams,SG,20,MEM,248,35,86,14,23,24,94
95,Jordan Clarkson,PG,22,LAL,1476,267,596,131,158,109,703
151,Jordan Farmar,PG,28,LAC,529,61,158,10,11,52,167
193,Jordan Hamilton,SF,24,LAC,122,14,35,0,0,14,38
215,Jordan Hill,C,27,LAL,1874,357,777,124,168,164,841
191,Jorge Gutierrez,PG,26,MIL,131,15,27,7,10,16,37
80,Jose Calderon,PG,33,NYK,1270,147,354,29,32,76,382
313,Josh McRoberts,PF,27,MIA,296,28,53,8,13,41,72
417,Josh Smith,PF,29,HOU,1404,261,596,75,144,146,660
218,Jrue Holiday,PG,24,NOP,1303,238,534,65,76,110,592
378,Julius Randle,PF,20,LAL,14,1,3,0,2,1,2
194,Justin Hamilton,C,24,MIN,423,58,113,33,40,37,153
219,Justin Holiday,SG,25,GSW,657,91,235,37,45,54,254
348,Jusuf Nurkic,C,20,DEN,1103,171,383,84,132,207,426
307,K.J. McDaniels,SG,21,HOU,33,5,15,1,2,5,11
290,Kalin Lucas,PG,25,MEM,6,0,1,0,0,1,0
280,Kawhi Leonard,SF,23,SAS,2033,394,822,202,252,128,1057
352,Kelly Olynyk,C,23,BOS,1423,251,528,93,136,213,656
461,Kemba Walker,PG,24,CHO,2119,378,981,234,283,92,1075
296,Kendall Marshall,PG,23,MIL,417,46,101,8,9,26,118
365,Kendrick Perkins,C,30,CLE,167,20,41,4,8,27,44
150,Kenneth Faried,PF,25,DEN,2086,373,736,199,288,211,946
40,Kent Bazemore,SG,25,ATL,1324,141,331,60,100,127,390
81,Kentavious Caldwell-Pope,SG,21,DET,2587,390,972,110,158,161,1043
298,Kenyon Martin,PF,37,MIL,104,9,22,2,2,13,20
139,Kevin Durant,SF,26,OKC,913,238,467,146,171,40,686
165,Kevin Garnett,PF,38,MIN,98,18,31,2,4,13,38
288,Kevin Love,PF,26,CLE,2532,413,952,258,321,140,1228
299,Kevin Martin,SG,31,MIN,1302,267,625,170,193,76,779
405,Kevin Seraphin,C,25,WAS,1235,231,450,58,82,197,520
316,Khris Middleton,SF,23,MIL,2378,406,869,134,156,183,1055
217,Kirk Hinrich,SG,34,CHI,1610,142,381,35,50,144,377
442,Klay Thompson,SG,24,GSW,2455,602,1299,225,256,122,1668
68,Kobe Bryant,SG,36,LAL,1207,266,713,196,241,65,782
267,Kosta Koufos,C,25,MEM,1348,182,358,55,85,148,419
355,Kostas Papanikolaou,SF,24,HOU,795,69,197,13,18,71,182
226,Kris Humphries,PF,29,WAS,1345,211,446,87,117,130,509
16,Kyle Anderson,SF,21,SAS,358,31,89,9,14,28,74
266,Kyle Korver,SG,33,ATL,2418,292,600,106,118,140,911
289,Kyle Lowry,PG,28,TOR,2414,430,1043,252,312,212,1244
350,Kyle O'Quinn,PF,24,ORL,824,119,242,44,57,110,294
410,Kyle Singler,SF,26,OKC,456,32,96,11,16,55,95
231,Kyrie Irving,PG,22,CLE,2730,578,1235,315,365,146,1628
9,LaMarcus Aldridge,PF,29,POR,2512,659,1415,306,362,125,1661
423,Lance Stephenson,SG,24,CHO,1573,207,550,69,110,134,501
437,Lance Thomas,PF,26,NYK,1040,137,316,49,66,63,330
154,Landry Fields,SF,26,TOR,216,20,41,5,6,9,46
163,Langston Galloway,PG,23,NYK,1457,204,511,63,78,129,533
134,Larry Drew,PG,24,PHI,219,20,58,2,3,13,46
400,Larry Sanders,C,26,MIL,586,86,172,24,48,104,196
10,Lavoy Allen,PF,25,IND,1070,141,299,33,47,102,315
235,LeBron James,SF,30,CLE,2493,624,1279,375,528,135,1743
29,Leandro Barbosa,SG,32,GSW,982,183,386,58,74,87,467
224,Lester Hudson,SG,30,LAC,56,6,14,3,4,4,18
65,Lorenzo Brown,PG,24,MIN,549,52,122,12,19,49,122
13,Lou Amundson,PF,32,NYK,858,105,243,38,82,115,248
478,Lou Williams,SG,28,TOR,2016,375,928,340,395,103,1242
303,Luc Mbah a Moute,PF,28,PHI,1916,251,636,96,163,104,660
345,Lucas Nogueira,C,22,TOR,23,2,8,2,4,6,6
115,Luigi Datome,SF,27,BOS,192,38,77,1,1,14,94
402,Luis Scola,PF,34,IND,1659,300,642,158,226,192,763
27,Luke Babbitt,SF,25,NOP,830,92,192,13,19,63,256
384,Luke Ridnour,PG,33,ORL,683,75,176,18,21,67,188
124,Luol Deng,SF,29,MIA,2421,369,787,191,251,109,1007
278,Malcolm Lee,SG,24,PHI,2,0,1,0,0,0,0
438,Malcolm Thomas,PF,26,PHI,194,18,40,9,13,17,45
172,Manu Ginobili,SG,37,SAS,1587,251,589,147,204,138,738
166,Marc Gasol,C,30,MEM,2687,530,1072,350,440,208,1413
180,Marcin Gortat,C,30,WAS,2453,439,775,123,175,191,1001
43,Marco Belinelli,SG,28,SAS,1388,199,470,84,99,85,568
331,Marcus Morris,PF,25,PHO,2045,331,763,71,113,188,845
412,Marcus Smart,PG,20,BOS,1808,175,477,82,127,176,523
444,Marcus Thornton,SG,27,PHO,81,13,40,4,5,3,32
88,Mario Chalmers,PG,28,MIA,2368,267,663,206,266,251,813
66,Markel Brown,SG,23,BRK,781,76,210,47,57,57,216
332,Markieff Morris,PF,25,PHO,2581,512,1100,177,232,245,1258
420,Marreese Speights,PF,27,GSW,1207,318,646,150,178,189,791
468,Martell Webster,SF,28,WAS,352,24,91,48,64,24,106
479,Marvin Williams,PF,28,CHO,2035,210,495,62,87,146,577
367,Mason Plumlee,C,24,BRK,1743,280,489,157,317,207,717
33,Matt Barnes,SF,34,LAC,2271,277,624,74,95,240,764
56,Matt Bonner,PF,34,SAS,935,94,230,30,37,65,264
123,Matthew Dellavedova,SG,24,CLE,1380,111,307,29,38,152,319
198,Maurice Harkless,SF,21,ORL,674,63,158,22,41,66,158
281,Meyers Leonard,C,22,POR,847,125,245,30,32,113,327
42,Michael Beasley,SF,26,MIA,505,92,212,20,26,66,212
86,Michael Carter-Williams,PG,23,MIL,758,132,308,85,109,64,353
261,Michael Kidd-Gilchrist,SF,21,CHO,1587,224,482,150,214,115,598
100,Mike Conley,PG,27,MEM,2225,393,882,214,249,139,1107
138,Mike Dunleavy,SF,34,CHI,1838,209,481,70,87,123,595
320,Mike Miller,SF,34,CLE,701,37,114,3,4,74,109
338,Mike Muscala,PF,23,ATL,502,83,151,22,25,52,197
403,Mike Scott,PF,26,ATL,1123,201,453,61,77,83,529
368,Miles Plumlee,C,26,MIL,189,29,59,3,8,12,61
377,Miroslav Raduljica,C,27,MIN,23,3,8,2,2,8,8
432,Mirza Teletovic,PF,29,BRK,892,122,319,33,46,74,339
309,Mitch McGary,PF,22,OKC,485,88,165,25,40,72,201
480,Mo Williams,PG,32,CHO,831,161,413,83,93,59,465
142,Monta Ellis,SG,29,DAL,2699,602,1354,228,303,197,1513
388,Nate Robinson,PG,30,LAC,126,17,51,5,6,8,46
484,Nate Wolters,PG,23,NOP,105,8,26,1,2,7,17
326,Nazr Mohammed,C,37,CHI,128,13,30,1,3,16,27
213,Nene Hilario,PF,32,WAS,1693,307,601,122,202,180,737
344,Nerlens Noel,C,20,PHI,2311,302,653,140,230,208,744
79,Nick Calathes,SG,25,MEM,838,104,247,24,45,100,243
99,Nick Collison,PF,34,OKC,1101,106,253,45,65,156,273
247,Nick Johnson,SG,22,HOU,262,26,75,17,25,34,74
489,Nick Young,SG,29,LAL,1000,174,476,132,148,83,563
37,Nicolas Batum,SF,26,POR,2380,240,600,84,98,106,664
422,Nik Stauskas,SG,21,SAC,1127,108,296,55,64,92,319
325,Nikola Mirotic,PF,23,CHI,1654,253,624,228,284,172,833
364,Nikola Pekovic,C,29,MIN,815,139,328,108,129,59,386
457,Nikola Vucevic,C,24,ORL,2529,631,1206,164,218,220,1428
456,Noah Vonleh,PF,19,CHO,259,30,76,18,26,20,83
97,Norris Cole,PG,26,NOP,683,112,252,26,35,49,278
302,O.J. Mayo,SG,27,MIL,1697,296,701,115,139,165,806
268,Ognjen Kuzmic,C,24,GSW,72,8,12,4,4,13,20
24,Omer Asik,C,28,NOP,1982,213,412,131,225,144,557
87,Omri Casspi,SF,26,SAC,1416,209,427,140,191,107,593
370,Otto Porter,SF,21,WAS,1432,176,391,58,79,97,445
192,P.J. Hairston,SG,22,CHO,687,87,269,31,36,61,254
446,P.J. Tucker,SF,29,PHO,2383,261,596,104,143,179,713
375,Pablo Prigioni,PG,37,HOU,402,23,67,13,15,35,73
46,Patrick Beverley,PG,26,HOU,1727,204,532,45,60,182,568
92,Patrick Christopher,SG,26,UTA,29,3,12,0,0,6,6
322,Patrick Mills,PG,26,SAS,801,128,336,33,40,58,351
360,Patrick Patterson,PF,25,TOR,2156,240,535,63,80,149,648
167,Pau Gasol,PF,34,CHI,2681,570,1153,294,366,147,1446
170,Paul George,SF,24,IND,91,18,49,8,11,11,53
324,Paul Millsap,PF,29,ATL,2390,443,930,255,337,201,1218
366,Paul Pierce,SF,37,WAS,1914,293,656,164,210,160,868
21,Pero Antic,PF,32,ATL,1037,108,296,88,123,132,356
252,Perry Jones,SF,23,OKC,631,73,184,24,37,50,184
372,Phil Pressey,PG,23,BOS,600,64,174,33,49,54,177
1,Quincy Acy,PF,24,NYK,1287,152,331,76,97,147,398
321,Quincy Miller,PF,22,DET,58,5,20,0,0,5,12
369,Quincy Pondexter,SF,26,NOP,1253,140,312,50,66,103,404
391,Rajon Rondo,PG,28,DAL,1319,194,445,19,42,111,426
406,Ramon Sessions,PG,28,WAS,546,62,151,69,85,28,206
156,Randy Foye,SG,31,DEN,1087,148,402,45,55,97,435
75,Rasual Butler,SF,35,WAS,1505,218,517,53,67,98,580
305,Ray McCallum,PG,23,SAC,1436,206,470,57,84,92,503
153,Raymond Felton,PG,30,DAL,281,43,106,12,15,17,108
70,Reggie Bullock,SF,23,PHO,75,1,16,2,4,2,4
146,Reggie Evans,PF,34,SAC,764,58,137,60,97,91,176
233,Reggie Jackson,PG,24,DET,870,183,420,82,103,73,476
481,Reggie Williams,SF,28,SAS,105,15,39,4,4,12,37
238,Richard Jefferson,SF,34,DAL,1244,144,324,78,114,115,432
275,Ricky Ledo,SG,22,NYK,233,32,90,15,20,20,89
394,Ricky Rubio,PG,24,MIN,692,78,219,57,71,59,226
225,Robbie Hummel,SF,25,MIN,742,79,172,24,29,86,198
105,Robert Covington,SF,24,PHI,1956,299,756,178,217,189,943
397,Robert Sacre,C,25,LAL,1133,126,306,55,82,121,307
287,Robin Lopez,C,26,POR,1638,234,437,98,127,122,566
221,Rodney Hood,SG,22,UTA,1064,155,374,61,80,119,433
428,Rodney Stuckey,PG,28,IND,1874,332,754,177,216,131,896
374,Ronnie Price,PG,31,LAL,982,77,223,36,45,118,221
447,Ronny Turiaf,C,32,MIN,19,0,0,0,0,0,0
211,Roy Hibbert,C,28,IND,1926,317,710,168,204,216,802
168,Rudy Gay,SF,28,SAC,2408,508,1116,337,393,157,1432
173,Rudy Gobert,C,22,UTA,2158,258,427,170,273,175,686
418,Russ Smith,PG,23,MEM,36,6,15,12,13,7,25
470,Russell Westbrook,PG,26,OKC,2302,627,1471,546,654,184,1886
17,Ryan Anderson,PF,26,NOP,1675,291,729,129,151,113,833
220,Ryan Hollins,C,30,SAC,441,53,82,31,54,65,137
260,Ryan Kelly,PF,23,LAL,1233,104,309,79,95,118,332
113,Samuel Dalembert,C,33,NYK,544,57,130,14,20,70,128
262,Sean Kilpatrick,SG,25,MIN,72,7,20,4,4,3,22
433,Sebastian Telfair,PG,29,OKC,327,46,125,24,34,29,134
227,Serge Ibaka,PF,25,OKC,2116,374,786,92,110,194,917
259,Sergey Karasev,SG,21,BRK,555,54,134,29,38,45,153
111,Seth Curry,PG,24,PHO,8,0,3,0,0,2,0
336,Shabazz Muhammad,SG,22,MIN,866,194,397,104,145,49,512
339,Shabazz Napier,PG,23,MIA,1012,87,228,44,56,76,261
271,Shane Larkin,PG,22,NYK,1865,187,432,61,78,150,470
67,Shannon Brown,SG,29,MIA,89,7,19,3,4,8,20
285,Shaun Livingston,PG,29,GSW,1468,198,396,65,91,110,461
379,Shavlik Randolph,PF,31,BOS,25,3,10,1,2,3,7
295,Shawn Marion,SF,36,CLE,1101,119,267,26,34,58,276
482,Shawne Williams,SF,28,DET,163,19,60,7,7,19,49
472,Shayne Whittington,PF,23,IND,108,19,42,18,23,18,57
292,Shelvin Mack,PG,24,ATL,833,117,292,25,31,32,299
47,Sim Bhullar,C,22,SAC,3,1,2,0,0,0,2
216,Solomon Hill,SF,23,IND,2381,251,634,159,193,177,729
128,Spencer Dinwiddie,PG,21,DET,455,51,169,31,34,53,145
204,Spencer Hawes,PF,26,LAC,1274,163,415,44,68,173,425
112,Stephen Curry,PG,26,GSW,2613,653,1341,308,337,158,1900
51,Steve Blake,PG,34,POR,1529,122,327,29,41,118,350
346,Steve Novak,PF,31,OKC,88,6,21,0,0,10,15
3,Steven Adams,C,21,OKC,1771,217,399,103,205,222,537
464,T.J. Warren,SF,21,PHO,614,113,214,14,19,51,245
171,Taj Gibson,PF,29,CHI,1692,254,506,132,184,162,640
49,Tarik Black,C,23,LAL,803,112,190,50,89,102,274
376,Tayshaun Prince,SF,34,DET,571,69,160,19,29,26,168
253,Terrence Jones,PF,23,HOU,889,158,299,57,94,78,386
393,Terrence Ross,SF,23,TOR,2092,309,753,44,56,136,807
404,Thabo Sefolosha,SF,30,ATL,976,104,249,45,58,67,278
490,Thaddeus Young,PF,26,BRK,829,162,327,43,71,56,386
389,Thomas Robinson,PF,23,PHI,407,79,169,35,58,50,193
421,Tiago Splitter,C,30,SAS,1030,169,303,90,120,103,428
137,Tim Duncan,PF,38,SAS,2227,419,819,230,311,165,1070
158,Tim Frazier,PG,24,POR,68,8,18,5,6,10,23
196,Tim Hardaway,SG,22,NYK,1681,279,717,125,156,119,804
335,Timofey Mozgov,C,28,CLE,1148,197,334,92,130,113,486
202,Tobias Harris,SF,22,ORL,2369,442,949,193,245,134,1164
130,Toney Douglas,PG,28,NOP,177,19,51,8,13,20,51
11,Tony Allen,SG,33,MEM,1648,225,455,79,126,166,539
358,Tony Parker,PG,32,SAS,1953,404,832,130,166,108,976
419,Tony Snell,SF,23,CHI,1412,159,371,44,55,86,435
487,Tony Wroten,SG,21,PHI,895,175,434,120,180,72,507
337,Toure' Murry,SG,25,WAS,17,2,4,2,2,2,6
467,Travis Wear,SF,24,NYK,672,84,209,20,26,55,199
22,Trevor Ariza,SF,29,HOU,2930,366,910,122,143,186,1048
57,Trevor Booker,PF,27,UTA,1564,226,464,86,148,144,567
71,Trey Burke,PG,22,UTA,2288,370,1005,109,145,119,973
443,Tristan Thompson,PF,23,CLE,2194,267,488,159,248,189,693
114,Troy Daniels,SG,23,CHO,135,27,59,6,7,12,77
274,Ty Lawson,PG,27,DEN,2665,404,926,265,363,128,1143
144,Tyler Ennis,PG,20,MIL,353,43,123,3,5,33,99
195,Tyler Hansbrough,PF,29,TOR,1058,86,165,97,139,141,270
248,Tyler Johnson,SG,22,MIA,603,70,167,32,47,42,190
492,Tyler Zeller,C,25,BOS,1731,340,619,153,186,205,833
147,Tyreke Evans,SF,25,NOP,2690,521,1165,202,291,198,1313
439,Tyrus Thomas,PF,28,MEM,7,1,1,2,2,0,4
89,Tyson Chandler,C,32,DAL,2286,293,440,185,257,169,771
203,Udonis Haslem,PF,34,MIA,995,107,239,45,64,113,261
53,Vander Blue,SG,22,LAL,74,9,30,2,5,4,22
96,Victor Claver,SF,26,POR,76,9,20,0,0,12,24
351,Victor Oladipo,SG,22,ORL,2573,473,1086,262,320,187,1292
85,Vince Carter,SG,38,MEM,1091,135,406,45,57,102,384
141,Wayne Ellington,SG,27,LAL,1675,254,617,52,64,77,650
249,Wesley Johnson,SF,27,LAL,2245,286,691,90,112,162,753
300,Wesley Matthews,SG,28,POR,2024,337,752,109,145,132,956
35,Will Barton,SG,24,DEN,683,112,253,64,79,50,307
77,Will Bynum,SG,32,WAS,67,10,31,2,4,9,22
91,Will Cherry,PG,23,CLE,69,5,19,3,6,10,15
189,Willie Green,SG,33,ORL,951,118,306,28,34,81,306
90,Wilson Chandler,SF,27,DEN,2471,418,975,110,142,231,1085
209,Xavier Henry,SF,23,LAL,86,3,13,14,24,6,20
273,Zach LaVine,PG,19,MIN,1902,286,677,149,177,158,778
380,Zach Randolph,PF,33,MEM,2304,454,932,228,298,175,1143
354,Zaza Pachulia,C,30,MIL,1730,240,529,126,160,170,606
133,Zoran Dragic,SG,25,MIA,62,9,22,1,2,5,22
